title,herb,shrb,smll_tree,lrg_tree,habitat_complexity,ndvi,connected_greenspace_point6_area,connected_greenspace_point8_area,connected_tree_5m_area,days_into_survey,year,hour_of_day,survey_square,land_use
389 12,0.57,0.065,0.09,0.275,0.67,0.92,0.1,1,0,90,2024,18,389,Public cemetery
389 10,0.322,0.08,0.11,0.468,0.78,0.91,0.1,1,0.03,90,2024,18,389,Non-protected woodland
389 9,0.272,0.062,0.12,0.328,0.92,0.92,0.1,1,0,90,2024,18,389,Non-protected woodland
389 5,0.255,0.125,0.162,0.458,0.79,0.92,0.1,1,0.01,90,2024,18,389,Public park
389 2,0.64,0.018,0.035,0.308,0.52,0.76,0.1,1,0.03,90,2024,18,389,Public park
485 12,0.408,0.095,0.022,0,0.64,0.52,0,0,0,90,2024,17,485,Public residential
485 4,0.815,0.013,0.007,0.002,0.36,0.48,0,0,0,90,2024,17,485,Public park
485 3,0.45,0.11,0.2,0.24,0.79,0.6,0.07,0,0.01,90,2024,17,485,Public park
485 9,0.22,0.05,0.108,0.455,0.86,0.86,0.07,0.25,0,90,2024,17,485,Public park
485 5,0.68,0.052,0.075,0.192,0.58,0.81,0.07,0.25,0.1,90,2024,17,485,Public park
485 1,1,0,0,0,0,0.83,0.07,0.25,0,90,2024,17,485,Public park
618 7,0.748,0.028,0.078,0.092,0.56,0.72,0,0,0,90,2024,16,618,Public park
618 10,0.062,0.005,0,0,0.17,0.59,0,0,0,90,2024,16,618,Public residential
619 5,0.462,0.045,0.082,0.055,0.77,0.29,0,0,0,90,2024,16,619,Other
619 3,0.767,0.035,0,0,0.4,0.37,0,0,0,90,2024,16,619,Public park
619 7,0.713,0.035,0.03,0.018,0.54,0.58,0,0,0,90,2024,16,619,Public residential
619 10,0.455,0.23,0.038,0,0.73,0.61,0,0,0,90,2024,16,619,Public residential
619 4,0.787,0.018,0.045,0.075,0.49,0.45,0,0,0,90,2024,16,619,Public residential
619 1,0.882,0.007,0,0,0.24,0.59,0,0,0,90,2024,15,619,Public residential
779 11,0.51,0.15,0.148,0.192,0.77,0.83,0.02,0.05,0.03,90,2024,15,779,Nature reserve
779 4,0,0,0,0,0,0.6,0.02,0,0,90,2024,15,779,Nature reserve
779 5,0.112,0.142,0.28,0.32,0.95,0.71,0.02,0,0,90,2024,15,779,Nature reserve
779 1,1,0,0,0,0,0.89,0.02,0.02,0.01,90,2024,15,779,Nature reserve
779 10,0.378,0.117,0.035,0.025,0.74,0.57,0,0,0,90,2024,14,779,Public roadside
876 2,0.258,0.078,0.142,0.448,0.86,0.72,0,0,0,90,2024,14,876,Public square
876 4,0.865,0,0,0,0.25,0.81,0,0,0,90,2024,14,876,Public carpark
876 1,0,0,0,0,0,0.41,0,0,0,90,2024,14,876,Private commercial
876 6,0.575,0.028,0.045,0.07,0.69,0.74,0,0,0,90,2024,14,876,Public residential
876 8,0.828,0.072,0.007,0,0.38,0.67,0,0,0,90,2024,13,876,Public residential
876 3,0.875,0,0,0,0.24,0.61,0,0,0,90,2024,13,876,Public park
908 9,0.72,0.018,0.025,0.055,0.54,0.75,1,0,0,90,2024,13,908,Public park
908 3,0.78,0.015,0.025,0.007,0.43,0.7,1,0,0,90,2024,13,908,Public park
908 6,0.478,0.08,0.105,0.238,0.85,0.78,1,0,0,90,2024,13,908,Public park
908 4,1,0,0,0,0,0.71,1,0,0,90,2024,12,908,Public park
908 2,0.76,0.058,0.075,0.108,0.5,0.85,1,0.03,0,90,2024,12,908,Public park
908 5,0.117,0.072,0.095,0.71,0.58,0.87,1,0.03,0,90,2024,12,908,Public park
908 1,0.993,0.005,0,0.002,0.03,0.75,1,0,0,90,2024,12,908,Public park
875 11,0.115,0.12,0.152,0.022,0.74,0.34,0,0,0,89,2024,20,875,Private commercial
875 4,0.77,0.015,0.028,0.028,0.47,0.48,0,0,0,89,2024,19,875,Public park
875 2,1,0,0,0,0,0.72,0,0,0,89,2024,19,875,Other
781 1,0.02,0.032,0.03,0.01,0.27,0.74,0,0,0,89,2024,19,781,Other
982 4,0.583,0.155,0.072,0.068,0.77,0.39,0,0,0,89,2024,19,982,Public park
982 2,0.968,0.013,0,0,0.1,0.72,0,0,0,89,2024,18,982,Public park
830 4,0.55,0.022,0.045,0.272,0.72,0.81,0.01,0,0,89,2024,18,830,Public park
830 1,0.525,0.082,0.172,0.22,0.74,0.84,0.01,0,0,89,2024,18,830,Public park
731 1,1,0,0,0,0,0.82,0,0.02,0,89,2024,18,731,Public park
731 3,0.2,0.038,0.095,0.268,0.87,0.82,0,0,0,89,2024,17,731,Public park
731 8,0.61,0.035,0.088,0,0.62,0.69,0,0,0,89,2024,17,731,Public park
731 4,1,0,0,0,0,0.85,0,0.02,0,89,2024,17,731,Public park
731 2,0.583,0.12,0.142,0.155,0.71,0.86,0,0.02,0.02,89,2024,17,731,Public park
667 6,0.462,0.043,0.04,0.022,0.67,0.69,0,0,0,89,2024,17,667,Other
667 9,0.018,0.018,0.002,0,0.12,0.35,0,0,0,89,2024,17,667,Private commercial
422 5,0.488,0.08,0.125,0.285,0.78,0.82,0.1,0,0,89,2024,16,422,Nature reserve
422 11,0.35,0.172,0.208,0.205,0.94,0.83,0,0,0,89,2024,16,422,Nature reserve
422 4,0.31,0.21,0.105,0.18,0.97,0.9,0.1,0,0,89,2024,16,422,Nature reserve
422 1,0.745,0.145,0.092,0.018,0.49,0.65,0,0,0,89,2024,16,422,Nature reserve
422 7,0.355,0.085,0.082,0.298,0.91,0.88,0.1,1,0,89,2024,16,422,Nature reserve
422 6,0.248,0.16,0.168,0.425,0.81,0.81,0.1,0,0,89,2024,15,422,Nature reserve
422 10,0.405,0.015,0.032,0.125,0.73,0.8,0.1,0,0,89,2024,15,422,Nature reserve
410 1,0.685,0.088,0.07,0.158,0.59,0.9,0.06,0.43,0.12,89,2024,15,410,Nature reserve
410 2,0.025,0.048,0.1,0.828,0.39,0.9,0.06,0.43,0.02,89,2024,15,410,Nature reserve
410 3,0.34,0.148,0.18,0.28,0.92,0.9,0.06,0.43,0.12,89,2024,15,410,Nature reserve
410 9,0.345,0.112,0.16,0.382,0.8,0.92,0.06,0.43,0,89,2024,14,410,Nature reserve
410 4,0.152,0.117,0.178,0.552,0.73,0.89,0.06,0.43,0.06,89,2024,14,410,Nature reserve
410 10,0.128,0.47,0.08,0.322,0.74,0.92,0.06,0.43,0.24,89,2024,14,410,Nature reserve
410 5,0.368,0.12,0.368,0.145,0.79,0.84,0.06,0.43,0.24,89,2024,14,410,Sports field
377 2,0.855,0.07,0.035,0.04,0.35,0.73,0.06,0,0.24,89,2024,14,377,Sports field
377 5,0.428,0.095,0.165,0.312,0.78,0.89,0.06,0.43,0.01,89,2024,13,377,Sports field
377 1,1,0,0,0,0,0.78,0.06,0,0,89,2024,13,377,Sports field
377 7,1,0,0,0,0,0.73,0.06,0,0,89,2024,13,377,Sports field
377 4,1,0,0,0,0,0.83,0.06,0.43,0,89,2024,13,377,Sports field
377 6,1,0,0,0,0,0.73,0.06,0,0,89,2024,13,377,Sports field
377 3,1,0,0,0,0,0.8,0.06,0,0,89,2024,13,377,Sports field
821 8,0.62,0.208,0.135,0.013,0.65,0.45,0,0,0,76,2024,17,821,Private residential
821 3,0.535,0.115,0.088,0.015,0.75,0.52,0,0,0,76,2024,17,821,Public residential
821 11,0,0,0,0,0,0.21,0,0,0,76,2024,17,821,Private commercial
823 1,0.19,0.032,0.075,0.703,0.54,0.81,0,0,0.01,76,2024,17,823,Public park
823 10,0,0,0,0,0,0.2,0,0,0,76,2024,16,823,Other
823 2,0,0,0,0,0,0.1,0,0,0,76,2024,16,823,Private commercial
823 7,0.96,0.005,0.018,0,0.13,0.71,0,0,0,76,2024,16,823,Other
633 2,0.295,0.128,0.15,0.23,0.98,0.87,0,0.01,0,76,2024,16,633,Other
633 12,0.398,0.12,0.055,0.005,0.73,0.67,0,0,0,76,2024,15,633,Public residential
661 4,0.51,0.062,0.085,0.342,0.68,0.81,0,0,0.01,76,2024,15,661,Public park
661 6,0.222,0.035,0.078,0.465,0.83,0.82,0,0,0,76,2024,15,661,Public park
661 8,0.102,0.022,0.048,0.59,0.7,0.74,0,0,0,76,2024,15,661,Public park
661 1,0.12,0.055,0.078,0.488,0.82,0.79,0,0,0,76,2024,15,661,Public park
661 5,0.155,0.043,0.07,0.37,0.84,0.82,0,0.01,0,76,2024,14,661,Public park
661 2,0.482,0.052,0.088,0.275,0.82,0.88,0,0.01,0,76,2024,14,661,Public park
661 3,0.325,0.04,0.07,0.382,0.85,0.8,0,0.01,0,76,2024,14,661,Public park
497 12,0.07,0.01,0,0,0.19,0.21,0,0,0,76,2024,14,497,Private commercial
497 5,0.458,0.11,0.06,0.035,0.78,0.48,0,0,0,76,2024,13,497,Private residential
497 1,0.557,0.028,0.04,0.075,0.69,0.65,0,0,0,76,2024,13,497,Public residential
497 4,0,0,0,0,0,0.11,0,0,0,76,2024,13,497,Private commercial
497 10,0.078,0.105,0.062,0.05,0.63,0.5,0,0,0,76,2024,13,497,Private commercial
497 11,0.17,0.058,0.028,0.007,0.52,0.3,0,0,0,76,2024,13,497,Private commercial
242 2,0,0,0,0,0,0.17,0,0,0,59,2024,19,242,Private commercial
145 7,0.655,0.198,0.092,0.045,0.63,0.79,0,0,0,59,2024,18,145,Other
145 9,0.34,0.085,0.1,0.36,0.89,0.78,0,0,0,59,2024,18,145,Public residential
112 7,0.965,0.005,0.013,0.01,0.12,0.62,0,0,0,59,2024,18,112,Public residential
112 3,0.73,0.015,0.038,0.043,0.53,0.79,0,0,0,59,2024,18,112,Public park
112 5,0.517,0.152,0.092,0.038,0.81,0.7,0,0,0,59,2024,17,112,Public park
112 2,1,0,0,0,0,0.77,0,0,0,59,2024,17,112,Public park
108 10,0.715,0.038,0.1,0.145,0.55,0.86,0.66,0.3,0.17,59,2024,17,108,Other
108 7,0.79,0.022,0.035,0.01,0.45,0.82,0.66,0.3,0,59,2024,17,108,Other
108 3,0.767,0.02,0.038,0.168,0.46,0.88,0.66,0.3,0.07,59,2024,17,108,Other
108 1,0.28,0.11,0.175,0.435,0.79,0.89,0.66,0.3,0.11,59,2024,17,108,Other
108 4,0.362,0.312,0.175,0.15,0.83,0.87,0.66,0.3,0.11,59,2024,16,108,Other
171 1,0.16,0.088,0.182,0.57,0.71,0.81,0.01,0,0,59,2024,16,171,Public park
203 11,0.105,0.065,0.117,0.688,0.63,0.79,0.01,0,0.01,59,2024,16,203,Other
203 6,0.28,0.082,0.378,0.26,0.8,0.89,0.01,0.03,0.05,59,2024,16,203,Other
203 4,0.302,0.105,0.245,0.348,0.82,0.88,0.01,0.03,0.05,59,2024,15,203,Other
203 2,0.235,0.058,0.098,0.42,0.88,0.79,0.01,0,0,59,2024,15,203,Other
203 5,0.152,0.135,0.23,0.428,0.89,0.86,0,0,0,59,2024,15,203,Other
203 8,0.115,0.17,0.242,0.37,0.93,0.52,0,0,0,59,2024,15,203,Other
203 9,0.305,0.02,0.048,0.627,0.55,0.73,0,0,0,59,2024,15,203,Private residential
202 2,0.378,0.158,0.252,0.162,0.91,0.77,0,0,0.01,59,2024,15,202,Sports field
202 1,0.845,0.125,0.022,0.007,0.33,0.84,0,0,0.01,59,2024,14,202,Sports field
202 8,0.59,0.048,0.102,0.18,0.75,0.73,0,0,0,59,2024,14,202,Private residential
202 6,0.055,0.028,0.028,0.043,0.39,0.44,0,0,0,59,2024,14,202,Public carpark
702 1,0.288,0.013,0.08,0.12,0.76,0.56,0,0,0,55,2024,17,702,Public residential
799 9,0.252,0.12,0.188,0.38,0.91,0.92,0.1,0.07,0.03,55,2024,16,799,Non-protected woodland
799 1,0,0,0,0,0,0.71,0,0,0,55,2024,16,799,Other
922 4,0.112,0.058,0.02,0.025,0.48,0.56,0,0,0,55,2024,15,922,Public carpark
922 8,1,0,0,0,0,0.74,0.01,0,0,55,2024,15,922,Public park
922 7,0.5,0.132,0.188,0.117,0.85,0.63,0,0,0.04,55,2024,15,922,Public residential
922 1,0.65,0.06,0.13,0.158,0.64,0.81,0,0,0,55,2024,15,922,Other
987 5,0.748,0.002,0,0,0.36,0.59,0,0,0,55,2024,15,987,Public park
1020 6,0.932,0.06,0.007,0,0.17,0.86,1,0.49,0,55,2024,14,1020,Nature reserve
1020 4,0.418,0.208,0.128,0.248,0.81,0.89,1,0.49,0.56,55,2024,14,1020,Nature reserve
1020 1,0.532,0.058,0.108,0.302,0.69,0.87,1,0.49,0.56,55,2024,14,1020,Nature reserve
1020 5,1,0,0,0,0,0.86,1,0.49,0,55,2024,14,1020,Nature reserve
1020 3,0.12,0.052,0.135,0.605,0.75,0.88,1,0.49,0,55,2024,13,1020,Nature reserve
1020 11,0.562,0.043,0.088,0.192,0.77,0.86,1,0.49,0,55,2024,13,1020,Public cemetery
1020 8,0.805,0.048,0.052,0.038,0.48,0.75,1,0,0,55,2024,13,1020,Public cemetery
990 6,0.345,0.072,0.16,0.422,0.76,0.86,1,0.49,0.03,55,2024,12,990,Nature reserve
989 3,0.845,0,0,0,0.27,0.87,1,0.49,0,55,2024,12,989,Nature reserve
989 5,0.4,0.115,0.202,0.282,0.81,0.88,1,0.49,0.09,55,2024,12,989,Nature reserve
989 2,0.46,0.048,0.048,0.17,0.81,0.82,1,0.49,0,55,2024,12,989,Nature reserve
989 11,0.28,0.132,0.13,0.288,0.97,0.84,1,0,0,55,2024,12,989,Nature reserve
989 8,1,0,0,0,0,0.87,1,0.49,0,55,2024,12,989,Nature reserve
989 6,1,0,0,0,0,0.87,1,0.49,0,55,2024,12,989,Nature reserve
989 1,0.18,0.168,0.1,0.465,0.88,0.83,1,0.49,0,55,2024,11,989,Nature reserve
990 8,0.225,0.1,0.185,0.49,0.77,0.89,1,0.49,0.03,55,2024,11,990,Non-protected woodland
990 9,0.318,0.178,0.148,0.358,0.83,0.9,1,0.49,0.04,55,2024,11,990,Other
990 5,0.625,0.155,0.035,0.032,0.69,0.79,1,0.49,0,55,2024,11,990,Other
990 3,0.505,0.055,0.098,0.19,0.83,0.77,1,0.49,0,55,2024,11,990,Other
990 1,0.162,0.182,0.415,0.24,0.82,0.88,1,0.49,0.04,55,2024,11,990,Other
990 7,0.812,0.168,0.018,0.002,0.35,0.87,1,0.49,0.04,55,2024,11,990,Public roadside
1084 2,0.642,0.085,0.068,0.068,0.71,0.69,0,0,0,55,2024,10,1084,Public park
1084 7,0.152,0.02,0.035,0,0.42,0.34,0,0,0,55,2024,10,1084,Public residential
1084 12,0.328,0,0,0.022,0.46,0.16,0,0,0,55,2024,10,1084,Public square
1084 6,0.32,0.24,0.245,0.185,0.88,0.74,1,0,0,55,2024,10,1084,Non-protected woodland
1084 9,0.435,0.138,0.1,0.268,0.87,0.82,1,0.49,0.04,55,2024,9,1084,Non-protected woodland
1084 3,0.598,0.007,0.03,0.302,0.62,0.67,1,0,0.01,55,2024,9,1084,Public park
1083 1,0.292,0.082,0.085,0.045,0.79,0.56,1,0,0,55,2024,9,1083,Private residential
1083 6,1,0,0,0,0,0.77,1,0,0,55,2024,9,1083,Other
1083 2,0.07,0.06,0.098,0,0.49,0.43,0,0,0,55,2024,9,1083,Private residential
248 6,0.465,0.128,0.122,0.285,0.77,0.86,0.01,0.16,0.33,48,2024,15,248,Public park
248 5,0.873,0.062,0.062,0.002,0.3,0.87,0.01,0.16,0.33,48,2024,15,248,Other
248 9,0.635,0.13,0.2,0.035,0.62,0.85,0.01,0.16,0.33,48,2024,14,248,Other
248 2,0.585,0.135,0.128,0.152,0.71,0.87,0.01,0.16,0.33,48,2024,14,248,Other
248 8,0.248,0.068,0.19,0.495,0.74,0.86,0.01,0.16,0.33,48,2024,14,248,Other
248 7,0.595,0.162,0.185,0.058,0.68,0.87,0.01,0.16,0.33,48,2024,14,248,Other
248 3,0.492,0.09,0.148,0.27,0.75,0.91,0.01,0.16,0.33,48,2024,14,248,Other
311 1,0.86,0.015,0.035,0.09,0.33,0.84,0,0.01,0,48,2024,13,311,Public park
311 6,0.39,0.028,0.055,0.17,0.81,0.86,0,0.01,0,48,2024,13,311,Public park
311 8,0.705,0.04,0.06,0.195,0.54,0.84,0,0.01,0.01,48,2024,13,311,Public park
311 7,0.655,0.13,0.16,0.055,0.62,0.82,0,0.01,0.02,48,2024,13,311,Public park
311 5,0.25,0.112,0.138,0.248,0.97,0.82,0,0.01,0,48,2024,13,311,Public park
311 9,0.248,0.095,0.148,0.308,0.96,0.78,0,0,0,48,2024,13,311,Public park
343 6,0.512,0.03,0.102,0.34,0.69,0.75,0,0,0,48,2024,13,343,Public residential
342 6,0.268,0.122,0.205,0.252,0.98,0.26,0,0,0,48,2024,12,342,Other
342 1,0.17,0.005,0.002,0.002,0.33,0.38,0,0,0,48,2024,12,342,Other
342 8,0,0,0,0,0,0.19,0,0,0,48,2024,12,342,Public residential
342 5,0.018,0.07,0.05,0,0.33,0.3,0,0,0,48,2024,12,342,Public residential
237 9,0.63,0.055,0.112,0.202,0.64,0.82,0,0,0,47,2024,18,237,Public residential
237 5,1,0,0,0,0,0.63,0,0,0,47,2024,18,237,Sports field
300 3,0.33,0.252,0.158,0.242,0.89,0.75,0,0,0,47,2024,18,300,Public park
300 7,0.418,0.02,0.085,0.265,0.83,0.87,0,0.02,0,47,2024,18,300,Public park
300 6,0.875,0.005,0.018,0.005,0.29,0.88,0,0.02,0,47,2024,18,300,Public park
300 4,0.235,0.035,0.058,0.098,0.73,0.87,0,0.02,0,47,2024,17,300,Public park
300 1,0.288,0.068,0.105,0.54,0.69,0.81,0,0.02,0.01,47,2024,17,300,Public park
300 5,0.568,0.04,0.07,0.158,0.77,0.87,0,0.02,0,47,2024,17,300,Public park
300 8,0.04,0.018,0.08,0.583,0.67,0.48,0,0,0,47,2024,17,300,Private residential
299 2,0.328,0.055,0.105,0.27,0.91,0.82,0,0.02,0,47,2024,17,299,Public park
299 3,0.945,0.028,0.015,0.013,0.17,0.89,0,0.02,0.02,47,2024,17,299,Public park
299 8,0.078,0.025,0.05,0.5,0.72,0.87,0,0.02,0,47,2024,16,299,Public park
299 5,0.422,0.09,0.08,0.408,0.72,0.81,0,0.02,0.01,47,2024,16,299,Public park
299 4,0.185,0.142,0.26,0.412,0.82,0.89,0,0.02,0.06,47,2024,16,299,Public park
299 1,0.36,0.152,0.135,0.352,0.81,0.8,0,0,0.01,47,2024,16,299,Public park
299 7,0.88,0.02,0.002,0,0.27,0.75,0,0,0,47,2024,16,299,Public park
298 6,0.495,0.02,0,0,0.49,0.55,0.1,0,0,47,2024,15,298,Sports field
298 3,0.818,0.043,0.05,0.09,0.42,0.8,0.1,0,0,47,2024,15,298,Sports field
298 4,1,0,0,0,0,0.69,0.1,0,0,47,2024,15,298,Sports field
298 1,0.142,0.02,0.032,0.032,0.49,0.64,0.1,0,0,47,2024,15,298,Public carpark
298 11,0.072,0.01,0.075,0.105,0.56,0.38,0,0,0,47,2024,15,298,Private residential
363 2,0.228,0.102,0.182,0.488,0.77,0.79,0.1,0,0.05,47,2024,14,363,Other
363 8,0.132,0.14,0.33,0.398,0.8,0.8,0.1,0.04,0.01,47,2024,14,363,Other
363 6,0.218,0.138,0.38,0.265,0.83,0.66,0.1,0.03,0.01,47,2024,14,363,Other
363 4,0.525,0.145,0.07,0.26,0.72,0.83,0.1,0.04,0.01,47,2024,14,363,Other
1033 9,0.232,0.02,0.078,0.525,0.77,0.74,0,0,0,34,2024,17,1033,Public park
971 4,0.728,0.02,0.038,0.142,0.56,0.75,0,0,0,34,2024,16,971,Public cemetery
971 9,0.927,0.022,0.007,0.03,0.22,0.69,0,0,0,34,2024,16,971,Public cemetery
971 2,0.128,0.038,0.128,0.708,0.56,0.73,0,0,0,34,2024,16,971,Public cemetery
971 7,0.605,0.078,0.065,0.043,0.71,0.68,0,0,0,34,2024,16,971,Public residential
1004 12,0.96,0.025,0.015,0,0.12,0.57,1,0,0,34,2024,15,1004,Other
1004 5,1,0,0,0,0,0.78,1,0,0,34,2024,15,1004,Other
1004 6,0.767,0.048,0.125,0.06,0.49,0.81,1,0.01,0.5,34,2024,15,1004,Other
1004 3,0.055,0.052,0.165,0.728,0.53,0.8,1,0.01,0.5,34,2024,15,1004,Other
1004 9,0.43,0.075,0.145,0.35,0.75,0.73,1,0,0,34,2024,14,1004,Other
941 8,0.238,0.202,0.145,0.415,0.82,0.77,1,0,0.07,34,2024,14,941,Other
941 7,0.475,0.072,0.088,0.365,0.7,0.78,1,0,0.07,34,2024,14,941,Other
1007 10,0.963,0.002,0,0,0.11,0.59,0,0,0,34,2024,14,1007,Public cemetery
1007 2,0.202,0.138,0.23,0.418,0.85,0.65,0,0,0,34,2024,13,1007,Public cemetery
1007 6,0.4,0.132,0.04,0,0.7,0.67,0,0,0,34,2024,13,1007,Other
686 9,0,0,0,0,0,0.15,0,0,0,24,2024,17,686,Public carpark
686 4,0.738,0.043,0.043,0,0.5,0.78,0.07,0,0,24,2024,17,686,Other
686 1,0.723,0.202,0.075,0,0.47,0.84,0.07,0,0.01,24,2024,17,686,Other
686 11,0.232,0.035,0.028,0,0.5,0.27,0,0,0,24,2024,17,686,Public residential
686 12,0.828,0.02,0.043,0.048,0.43,0.3,0,0,0,24,2024,17,686,Public residential
686 7,0.537,0.038,0.04,0.102,0.73,0.32,0,0,0,24,2024,16,686,Public residential
686 10,0.583,0.07,0.058,0.2,0.75,0.53,0,0,0,24,2024,16,686,Private residential
819 8,0.698,0.032,0.068,0.15,0.61,0.49,0,0,0,24,2024,16,819,Public residential
819 5,0.667,0.055,0.078,0.115,0.68,0.41,0,0,0,24,2024,16,819,Public residential
819 4,0.068,0.028,0.02,0.002,0.3,0.21,0,0,0,24,2024,15,819,Public residential
819 7,0.833,0.078,0.052,0.013,0.41,0.6,0,0,0,24,2024,15,819,Public roadside
819 11,0.5,0.102,0.075,0.1,0.84,0.61,0,0,0,24,2024,15,819,Public residential
819 10,0,0,0,0.02,0.06,0.19,0,0,0,24,2024,15,819,Private commercial
819 1,0.192,0.015,0,0,0.35,0.4,0,0,0,24,2024,15,819,Private commercial
690 10,0.425,0.018,0.045,0.015,0.61,0.69,0,0,0,24,2024,14,690,Public park
690 3,0.537,0.015,0.035,0.117,0.7,0.7,0,0,0,24,2024,14,690,Public park
690 8,0.568,0.02,0.043,0.18,0.72,0.71,0,0,0,24,2024,14,690,Public park
393 5,0.478,0.062,0.078,0.352,0.75,0.83,0.1,0,0,16,2024,19,393,Other
393 11,0.445,0.025,0.05,0.392,0.74,0.8,0.1,0,0,16,2024,19,393,Other
393 8,0.492,0.03,0.055,0.14,0.78,0.74,0.1,0,0,16,2024,19,393,Public cemetery
393 2,0.693,0.022,0.032,0.252,0.5,0.8,0.1,0,0,16,2024,18,393,Public cemetery
393 1,0.757,0.028,0.03,0.185,0.45,0.72,0.1,0,0,16,2024,18,393,Public cemetery
393 7,0.685,0.03,0.065,0.198,0.59,0.74,0.1,0,0,16,2024,18,393,Public cemetery
393 3,0.922,0.025,0.022,0.03,0.22,0.88,0.1,0,0.01,16,2024,18,393,Public cemetery
680 7,0.452,0.122,0.172,0.228,0.84,0.84,0.07,0,0,16,2024,17,680,Public residential
680 5,0.013,0,0.013,0.018,0.14,0.85,0.07,0.01,0,16,2024,17,680,Non-protected woodland
680 3,1,0,0,0,0,0.81,0.07,0.03,0.01,16,2024,17,680,Public park
584 11,0.71,0.02,0.028,0.162,0.57,0.85,0,0,0,16,2024,16,584,Other
551 8,0.278,0.272,0.1,0.258,0.94,0.8,0,0,0,16,2024,16,551,Other
612 6,0.172,0.215,0.032,0.005,0.68,0.48,0,0,0,16,2024,16,612,Public residential
612 2,0.825,0.062,0.068,0.045,0.41,0.85,0,0,0.01,16,2024,15,612,Other
612 5,0.59,0.068,0.03,0.312,0.6,0.84,0.07,0.1,0.57,16,2024,15,612,Public cemetery
612 8,0.71,0.148,0.065,0.078,0.56,0.78,0.07,0,0.06,16,2024,15,612,Private residential
612 7,0.43,0.085,0.162,0.322,0.77,0.89,0.07,0.1,0.06,16,2024,15,612,Other
612 4,0.218,0.088,0.128,0.568,0.71,0.87,0.07,0.1,0.06,16,2024,14,612,Other
612 3,0.19,0.092,0.108,0.527,0.82,0.83,0.07,0,0,16,2024,14,612,Public park
136 7,0.455,0.038,0.052,0.092,0.76,0.61,0,0,0,9,2024,16,136,Public cemetery
136 6,0.973,0.022,0,0,0.09,0.76,0,0,0,9,2024,16,136,Public park
136 4,0.345,0.125,0.16,0.368,0.81,0.68,0,0,0.01,9,2024,16,136,Public park
233 11,0.188,0.112,0.065,0.095,0.81,0.52,0,0,0,9,2024,16,233,Public residential
295 4,0.192,0.115,0.255,0.438,0.8,0.88,0.1,1,0.12,9,2024,15,295,Public residential
295 6,0.402,0.13,0.225,0.242,0.82,0.9,0.1,1,0.55,9,2024,15,295,Nature reserve
295 1,0.182,0.122,0.228,0.288,0.98,0.92,0.1,1,0,9,2024,15,295,Nature reserve
231 3,0.058,0,0,0,0.14,0.63,0.1,0,0,9,2024,14,231,Other
231 7,0.408,0.108,0.178,0.308,0.8,0.86,0.1,1,0,9,2024,14,231,Nature reserve
231 2,0.01,0.01,0.045,0.31,0.56,0.66,0.1,0,0,9,2024,14,231,Other
231 8,0.05,0.117,0.17,0.662,0.61,0.89,0.1,1,0.04,9,2024,14,231,Nature reserve
231 12,0.693,0.165,0.11,0.032,0.57,0.91,0.1,1,0.04,9,2024,14,231,Nature reserve
231 1,0.61,0.14,0.175,0.075,0.67,0.82,0.1,0,0.04,9,2024,13,231,Nature reserve
492 10,0.795,0.03,0.005,0,0.38,0.37,0,0,0,5,2024,11,492,Other
492 6,0.755,0.015,0.018,0.013,0.45,0.41,0,0,0,5,2024,11,492,Other
492 3,0,0,0,0,0,0.38,0,0,0,5,2024,11,492,Private commercial
492 11,0.547,0.062,0,0,0.54,0.67,0,0,0,5,2024,10,492,Public park
492 7,0.527,0.013,0.03,0.138,0.71,0.74,0,0,0,5,2024,10,492,Public park
239 6,0.185,0.138,0.228,0.45,0.8,0.82,0,0,0,2,2024,16,239,Public roadside
239 11,0.16,0.178,0.355,0.308,0.83,0.79,0,0,0,2,2024,16,239,Public roadside
239 12,0.452,0.055,0.16,0.332,0.74,0.87,0,0,0,2,2024,16,239,Public roadside
239 8,0.325,0.058,0.135,0.232,0.93,0.51,0,0,0,2,2024,15,239,Public roadside
239 3,0,0,0,0,0,0.12,0,0,0,2,2024,15,239,Private commercial
239 5,0.03,0.052,0.005,0,0.23,-0.09,0,0,0,2,2024,15,239,Private commercial
239 1,0,0,0,0,0,0.14,0,0,0,2,2024,15,239,Private residential
335 7,0.452,0.145,0.018,0.002,0.68,0.12,0,0,0,2,2024,14,335,Public residential
335 9,0.52,0.092,0.022,0.007,0.66,0.52,0,0,0,2,2024,14,335,Private residential
335 1,0.17,0.002,0,0,0.3,0.65,0,0,0,2,2024,14,335,Public carpark
335 10,0.61,0.082,0.108,0.018,0.7,0.29,0,0,0,2,2024,14,335,Private residential
336 8,0.262,0,0,0,0.36,0.17,0,0,0,2,2024,14,336,Public park
336 10,0.77,0.025,0.032,0.032,0.49,0.67,0,0,0,2,2024,13,336,Public cemetery
336 9,0.455,0.055,0.098,0.272,0.85,0.64,0,0,0,2,2024,13,336,Public cemetery
336 1,0.98,0.02,0,0,0.06,0.73,0,0,0,2,2024,13,336,Public cemetery
336 6,0.432,0.1,0.15,0.318,0.78,0.68,0,0,0,2,2024,13,336,Public residential
336 2,0,0,0,0,0,0.06,0,0,0,2,2024,12,336,Private commercial
906 4,0.58,0.058,0.092,0.172,0.77,0.88,0.02,0.02,0,98,2023,12,906,Nature reserve
906 6,0.448,0.102,0.142,0.308,0.77,0.81,0.02,0.02,0.05,98,2023,11,906,Nature reserve
906 9,0.91,0.075,0.007,0.007,0.22,0.77,0.02,0,0.05,98,2023,11,906,Nature reserve
906 8,1,0,0,0,0,0.65,0,0,0.05,98,2023,11,906,Nature reserve
906 2,0.998,0.002,0,0,0.01,0.76,0.02,0,0,98,2023,11,906,Nature reserve
906 5,0.34,0.14,0.115,0.24,0.96,0.61,0.02,0,0,98,2023,11,906,Public residential
906 7,0.135,0.092,0.23,0.478,0.85,0.8,0.02,0,0,98,2023,10,906,Nature reserve
474 6,0.068,0.068,0.022,0,0.37,0.35,0,0,0,96,2023,17,474,Private commercial
474 4,0.48,0.088,0.172,0.058,0.85,0.81,0.02,0.02,0,96,2023,17,474,Public park
474 5,0.475,0.07,0.125,0.192,0.87,0.84,0.02,0.02,0,96,2023,16,474,Public park
506 8,0.475,0.04,0.082,0.258,0.82,0.8,0.02,0.02,0,96,2023,16,506,Public park
506 10,0.882,0,0,0,0.23,0.67,0.02,0,0,96,2023,16,506,Public park
506 12,0.292,0.085,0.16,0.195,0.96,0.77,0.02,0.02,0,96,2023,16,506,Public park
506 4,0.988,0.002,0.01,0,0.05,0.84,0.02,0.02,0,96,2023,16,506,Public park
506 5,1,0,0,0,0,0.84,0.02,0.02,0,96,2023,16,506,Public park
506 1,0.38,0.038,0.068,0.35,0.84,0.86,0.02,0.02,0,96,2023,15,506,Public park
506 2,0.667,0.058,0.105,0.17,0.61,0.88,0.02,0.02,0.01,96,2023,15,506,Public park
538 7,0.555,0.142,0.105,0.165,0.78,0.84,0.02,0,0,96,2023,15,538,Other
538 11,0.18,0.043,0.08,0.36,0.86,0.64,0.02,0,0,96,2023,15,538,Private residential
569 8,0.33,0.138,0.15,0.235,0.97,0.84,0.02,0.01,0,92,2023,19,569,Other
569 3,0.507,0.108,0.135,0.112,0.86,0.67,0.02,0,0,92,2023,19,569,Other
569 5,0.475,0.102,0.172,0.115,0.88,0.82,0.02,0,0,92,2023,19,569,Other
569 4,0.428,0.09,0.045,0.098,0.82,0.83,0.02,0.01,0,92,2023,19,569,Other
569 9,0.605,0.088,0.17,0.12,0.71,0.84,0.02,0.07,0,92,2023,18,569,Sports field
569 2,0.512,0.105,0.148,0.235,0.75,0.77,0.02,0,0.1,92,2023,18,569,Sports field
569 11,0.15,0.052,0.09,0.708,0.56,0.89,0.02,0.07,0.03,92,2023,18,569,Non-protected woodland
542 2,1,0,0,0,0,0.84,0.06,0.16,0,92,2023,17,542,Sports field
542 3,1,0,0,0,0,0.7,0.06,0,0,92,2023,17,542,Sports field
542 4,1,0,0,0,0,0.81,0.06,0.16,0,92,2023,17,542,Sports field
542 6,0.675,0.05,0.098,0.178,0.59,0.91,0.06,0.16,0.07,92,2023,17,542,Non-protected woodland
542 9,0.268,0.098,0.175,0.46,0.78,0.87,0.1,0.47,0,92,2023,17,542,Sports field
542 5,0.8,0.025,0.06,0.115,0.43,0.89,0.1,0.47,0,92,2023,17,542,Sports field
542 11,0.618,0,0,0,0.42,0.69,0.1,0,0,92,2023,16,542,Sports field
542 1,0.985,0.013,0.002,0,0.05,0.82,0.1,0.47,0,92,2023,16,542,Sports field
654 2,0,0,0,0,0,0.06,0,0,0,91,2023,10,654,Public carpark
654 6,0.002,0,0,0,0.01,0.44,0,0,0,91,2023,10,654,Brownfield
654 5,0.002,0,0,0,0.01,0.12,0,0,0,91,2023,10,654,Public carpark
654 12,0,0,0,0,0,0.15,0,0,0,91,2023,10,654,Public carpark
917 7,0.425,0.138,0.102,0.15,0.92,0.82,0.02,0,0,77,2023,18,917,Non-protected woodland
917 1,0.762,0.04,0.075,0.122,0.49,0.76,0.02,0,0,77,2023,18,917,Public park
917 9,0.755,0.045,0.117,0.082,0.51,0.71,0.02,0,0,77,2023,17,917,Public park
917 8,1,0,0,0,0,0.69,0.02,0,0,77,2023,17,917,Public park
917 5,0.677,0.155,0.068,0.1,0.6,0.84,0.02,0,0,77,2023,17,917,Non-protected woodland
917 6,0.362,0.098,0.108,0.432,0.75,0.73,0.02,0,0.01,77,2023,17,917,Non-protected woodland
917 11,0.215,0.108,0.165,0.402,0.92,0.75,0.02,0,0,77,2023,17,917,Public roadside
948 5,0.192,0.08,0.13,0.142,0.89,0.69,0.02,0,0,77,2023,16,948,Other
948 3,0.665,0.088,0.098,0.115,0.67,0.83,0.02,0,0,77,2023,16,948,Other
948 9,0.562,0.09,0.158,0.15,0.78,0.73,0.02,0,0,77,2023,16,948,Other
948 8,0.72,0.14,0.105,0.035,0.54,0.79,0.02,0,0.01,77,2023,16,948,Other
948 7,1,0,0,0,0,0.64,0.02,0,0,77,2023,16,948,Sports field
948 2,0.96,0.013,0.01,0.018,0.13,0.64,0,0,0,77,2023,15,948,Sports field
948 4,0.583,0.08,0.158,0.085,0.78,0.61,0,0,0,77,2023,15,948,Other
713 3,0.345,0.13,0.202,0.322,0.83,0.88,0.07,0.03,0.03,71,2023,18,713,Nature reserve
713 6,0.038,0.038,0.117,0.713,0.6,0.88,0.07,0.03,0,71,2023,18,713,Nature reserve
713 9,0.218,0.072,0.12,0.432,0.89,0.9,0.07,0.03,0,71,2023,18,713,Non-protected woodland
713 8,0.235,0.045,0.055,0.148,0.79,0.53,0,0,0,71,2023,17,713,Public residential
713 12,0.802,0.005,0.013,0.015,0.39,0.75,0,0,0,71,2023,17,713,Public roadside
776 9,0.335,0.09,0.105,0.47,0.73,0.89,0.02,0.25,0.03,71,2023,17,776,Public park
776 5,0.547,0.082,0.112,0.145,0.82,0.89,0.02,0.25,0,71,2023,17,776,Public park
776 11,0,0.002,0.038,0.96,0.11,0.9,0.02,0.25,0.22,71,2023,16,776,Public park
776 1,0.26,0.098,0.128,0.515,0.74,0.9,0.02,0.25,0.22,71,2023,16,776,Public park
776 3,0.152,0.065,0.168,0.615,0.66,0.91,0.02,0.25,0.22,71,2023,16,776,Public park
776 2,0.195,0.09,0.18,0.535,0.74,0.91,0.02,0.25,0.22,71,2023,16,776,Public park
776 12,0.868,0.015,0,0,0.27,0.88,0,0,0,71,2023,15,776,Brownfield
663 6,0.007,0,0.002,0,0.04,0.14,0,0,0,67,2023,18,663,Sports field
663 3,1,0,0,0,0,0.68,0.01,0,0,67,2023,17,663,Public park
663 7,0.21,0.035,0.082,0.517,0.8,0.68,0,0,0.01,67,2023,17,663,Public park
663 5,1,0,0,0,0,0.64,0.01,0,0,67,2023,17,663,Sports field
663 8,0.208,0.112,0.03,0.002,0.61,0.31,0,0,0,67,2023,17,663,Public residential
566 8,1,0,0,0,0,0.78,0,0,0,67,2023,16,566,Public park
566 7,0.208,0.05,0.06,0.232,0.84,0.86,0,0.03,0,67,2023,16,566,Public park
566 1,0.322,0.082,0.148,0.448,0.76,0.9,0,0.03,0.01,67,2023,16,566,Public park
566 4,0.743,0.222,0.02,0.015,0.44,0.87,0,0.03,0.01,67,2023,16,566,Public park
566 6,0.63,0.015,0.02,0.085,0.62,0.89,0,0.03,0,67,2023,16,566,Public park
566 5,0.378,0.138,0.172,0.312,0.82,0.9,0,0,0,67,2023,15,566,Public park
566 3,0.432,0.005,0.07,0.235,0.79,0.8,0,0,0,67,2023,15,566,Public park
547 11,0.445,0.048,0.09,0.402,0.72,0.84,0.07,0.1,0,64,2023,18,547,Public park
547 5,0.755,0.07,0.125,0.05,0.5,0.73,0.07,0,1,64,2023,18,547,Public park
547 7,1,0,0,0,0,0.89,0.07,0.1,0,64,2023,18,547,Public park
547 1,0.02,0.095,0.148,0.738,0.51,0.88,0.07,0.1,1,64,2023,18,547,Public park
547 10,0.055,0.043,0.128,0.775,0.47,0.9,0.07,0.1,1,64,2023,18,547,Public park
547 8,0.002,0.005,0.058,0.935,0.17,0.89,0.07,0.1,1,64,2023,17,547,Public park
547 2,0.322,0.065,0.108,0.505,0.7,0.87,0.07,0.1,1,64,2023,17,547,Public park
580 6,1,0,0,0,0,0.82,0.07,0.25,0.16,64,2023,17,580,Sports field
580 5,1,0,0,0,0,0.74,0.07,0,0,64,2023,17,580,Sports field
580 2,1,0,0,0,0,0.74,0.07,0,0,64,2023,17,580,Sports field
580 1,1,0,0,0,0,0.82,0.07,0.25,0.16,64,2023,16,580,Sports field
580 3,1,0,0,0,0,0.87,0.07,0.25,0,64,2023,16,580,Public park
580 7,0.69,0.03,0.022,0.038,0.56,0.87,0.07,0.25,0,64,2023,16,580,Sports field
580 4,0.235,0.052,0.1,0.598,0.68,0.86,0.07,0.25,1,64,2023,16,580,Public park
369 1,0.262,0.01,0.013,0.015,0.48,0.72,0,0,0,54,2023,17,369,Public cemetery
369 10,0.907,0.025,0.013,0.018,0.27,0.61,0,0,0,54,2023,17,369,Public cemetery
369 7,0.632,0.065,0.172,0.13,0.65,0.84,0,0,0.01,54,2023,17,369,Public cemetery
369 3,0.365,0,0,0,0.41,0.34,0,0,0,54,2023,16,369,Brownfield
369 12,0.122,0,0,0,0.23,-0.22,0,0,0,54,2023,16,369,Private commercial
369 8,0.18,0.015,0.025,0.018,0.46,0.34,0,0,0,54,2023,16,369,Private office
403 6,0.298,0.032,0.01,0.015,0.54,0.43,0,0,0,54,2023,15,403,Brownfield
403 12,0,0,0,0,0,0.25,0,0,0,54,2023,15,403,Brownfield
403 4,0.603,0.12,0.122,0.152,0.7,0.65,0,0,0,54,2023,15,403,Public roadside
403 7,0.092,0.128,0.275,0.105,0.9,0.69,0,0,0,54,2023,15,403,Public roadside
403 3,0.57,0.108,0.158,0.165,0.72,0.38,0,0,0,54,2023,15,403,Public roadside
420 8,0.005,0.002,0,0,0.03,0.14,0,0,0,49,2023,18,420,Public square
420 9,0.032,0.007,0.013,0.015,0.21,0.22,0,0,0,49,2023,17,420,Private commercial
420 10,0.098,0.182,0.128,0.068,0.82,0.63,0,0,0,49,2023,17,420,Private commercial
420 1,0.032,0.06,0.14,0.142,0.7,0.43,0,0,0,49,2023,17,420,Public carpark
420 11,0,0,0,0,0,0.13,0,0,0,49,2023,17,420,Public carpark
420 2,0.35,0.18,0.138,0.332,0.82,0.66,0,0,0,49,2023,17,420,Other
420 7,0,0,0,0,0,0.18,0,0,0,49,2023,17,420,Public carpark
421 4,0.252,0.078,0.117,0.46,0.86,0.91,0.1,1,0,49,2023,16,421,Public park
421 1,0.355,0.065,0.078,0.432,0.81,0.91,0.1,1,0,49,2023,16,421,Public park
421 10,0.068,0.07,0.132,0.73,0.54,0.92,0.1,1,0.06,49,2023,16,421,Public park
421 2,0.025,0.007,0.068,0.9,0.25,0.92,0.1,1,0.06,49,2023,15,421,Public park
421 3,0.368,0.058,0.132,0.155,0.9,0.77,0.1,0,0,49,2023,15,421,Public park
421 8,0.522,0.058,0.105,0.315,0.69,0.88,0.1,1,0,49,2023,15,421,Public park
421 6,0.382,0.132,0.028,0.28,0.87,0.59,0,0,0,49,2023,14,421,Public residential
792 3,0.672,0.02,0.013,0.018,0.52,0.6,0,0,0,35,2023,17,792,Sports field
792 11,0.232,0.14,0.065,0.007,0.72,0.5,0,0,0,35,2023,16,792,Private residential
792 4,0.578,0.018,0.043,0,0.56,0.63,0,0,0,35,2023,16,792,Sports field
559 8,0.33,0.068,0.125,0.195,0.93,0.59,0,0,0,26,2023,16,559,Private commercial
559 3,0.095,0.032,0.002,0,0.29,0.26,0,0,0,26,2023,15,559,Private commercial
559 5,0.228,0.002,0,0,0.35,-0.48,0,0,0,26,2023,15,559,Private commercial
559 1,0.445,0.015,0.005,0.005,0.51,0.37,0,0,0,26,2023,15,559,Private office
559 4,0,0,0,0,0,0.18,0,0,0,26,2023,15,559,Public carpark
559 2,0,0,0,0,0,0.4,0,0,0,26,2023,15,559,Brownfield
559 6,0.682,0.013,0.035,0.075,0.59,0.69,0,0,0,26,2023,14,559,Public park
